{
  "strategies": [
    "sliding_window",
    "semantic",
    "hierarchical"
  ],
  "results": {
    "sliding_window": {
      "precision@1": 0.8,
      "recall@1": 0.8,
      "ndcg@1": 0.8,
      "precision@3": 0.33333333333333337,
      "recall@3": 1.0,
      "ndcg@3": 0.9261859507142916,
      "precision@5": 0.2,
      "recall@5": 1.0,
      "ndcg@5": 0.9261859507142916,
      "precision@10": 0.1,
      "recall@10": 1.0,
      "ndcg@10": 0.9261859507142916,
      "mrr": 0.9,
      "faithfulness": 0.41901286169886587,
      "answer_relevancy": 0.4839368134737015,
      "context_precision": 0.205790076777339,
      "context_recall": 0.41901286169886587
    },
    "semantic": {
      "precision@1": 0.1,
      "recall@1": 0.1,
      "ndcg@1": 0.1,
      "precision@3": 0.03333333333333333,
      "recall@3": 0.1,
      "ndcg@3": 0.1,
      "precision@5": 0.08,
      "recall@5": 0.4,
      "ndcg@5": 0.2160558421703625,
      "precision@10": 0.04,
      "recall@10": 0.4,
      "ndcg@10": 0.2160558421703625,
      "mrr": 0.15999999999999998,
      "faithfulness": 0.6304668843746185,
      "answer_relevancy": 0.4839368134737015,
      "context_precision": 0.3914757876098156,
      "context_recall": 0.6304668843746185
    },
    "hierarchical": {
      "precision@1": 0.4,
      "recall@1": 0.4,
      "ndcg@1": 0.4,
      "precision@3": 0.5666666666666667,
      "recall@3": 1.7,
      "ndcg@3": 1.1416508275000203,
      "precision@5": 0.4,
      "recall@5": 2.0,
      "ndcg@5": 1.2708537949220382,
      "precision@10": 0.2,
      "recall@10": 2.0,
      "ndcg@10": 1.2708537949220382,
      "mrr": 0.6499999999999999,
      "faithfulness": 0.5139776140451431,
      "answer_relevancy": 0.4839368134737015,
      "context_precision": 0.21977713592350484,
      "context_recall": 0.5139776140451431
    }
  },
  "winners": {
    "ndcg@5": "hierarchical",
    "mrr": "sliding_window",
    "faithfulness": "semantic",
    "answer_relevancy": "sliding_window"
  }
}